[
    {
        "left": 29,
        "top": 217,
        "width": 674,
        "height": 54
    },
    {
        "left": 29,
        "top": 274,
        "width": 674,
        "height": 70
    },
    {
        "left": 29,
        "top": 378,
        "width": 674,
        "height": 52
    },
    {
        "left": 29,
        "top": 437,
        "width": 674,
        "height": 67
    },
    {
        "left": 29,
        "top": 543,
        "width": 674,
        "height": 48
    },
    {
        "left": 29,
        "top": 618,
        "width": 674,
        "height": 48
    },
    {
        "left": 29,
        "top": 706,
        "width": 674,
        "height": 54
    },
    {
        "left": 29,
        "top": 766,
        "width": 674,
        "height": 69
    },
    {
        "left": 29,
        "top": 877,
        "width": 674,
        "height": 44
    },
    {
        "left": 29,
        "top": 937,
        "width": 674,
        "height": 66
    }
]